{
  "lang":"en",
  "name":"pipeline",
  "version":"0.0.0",
  "spacy_version":">=3.2.2,<3.3.0",
  "description":"",
  "author":"",
  "email":"",
  "url":"",
  "license":"",
  "spacy_git_version":"bbaf41fb3",
  "vectors":{
    "width":0,
    "vectors":0,
    "keys":0,
    "name":null,
    "mode":"default"
  },
  "labels":{
    "tok2vec":[

    ],
    "ner":[
      "CITY",
      "NUMBER",
      "STATE",
      "STREET",
      "ZIPCODE"
    ]
  },
  "pipeline":[
    "tok2vec",
    "ner"
  ],
  "components":[
    "tok2vec",
    "ner"
  ],
  "disabled":[

  ],
  "performance":{
    "ents_f":0.9988312012,
    "ents_p":0.9987865473,
    "ents_r":0.9988758591,
    "ents_per_type":{
      "NUMBER":{
        "p":0.9999840281,
        "r":1.0,
        "f":0.999992014
      },
      "STREET":{
        "p":0.9968549443,
        "r":0.9964572395,
        "f":0.9966560522
      },
      "CITY":{
        "p":0.9975453473,
        "r":0.9989784191,
        "f":0.9982613689
      },
      "STATE":{
        "p":0.9997280087,
        "r":0.9990247178,
        "f":0.9993762395
      },
      "ZIPCODE":{
        "p":0.9998244718,
        "r":0.9999202068,
        "f":0.999872337
      }
    },
    "tok2vec_loss":4106.4117590612,
    "ner_loss":283.6425371394
  }
}