{
  "lang":"en",
  "name":"pipeline",
  "version":"0.0.0",
  "spacy_version":">=3.2.2,<3.3.0",
  "description":"",
  "author":"",
  "email":"",
  "url":"",
  "license":"",
  "spacy_git_version":"bbaf41fb3",
  "vectors":{
    "width":0,
    "vectors":0,
    "keys":0,
    "name":null,
    "mode":"default"
  },
  "labels":{
    "tok2vec":[

    ],
    "ner":[
      "CITY",
      "NUMBER",
      "STATE",
      "STREET",
      "ZIPCODE"
    ]
  },
  "pipeline":[
    "tok2vec",
    "ner"
  ],
  "components":[
    "tok2vec",
    "ner"
  ],
  "disabled":[

  ],
  "performance":{
    "ents_f":0.9845988888,
    "ents_p":0.9823964209,
    "ents_r":0.9868112544,
    "ents_per_type":{
      "NUMBER":{
        "p":0.9990229604,
        "r":1.0,
        "f":0.9995112414
      },
      "STREET":{
        "p":0.9470260223,
        "r":0.9510032664,
        "f":0.9490104773
      },
      "CITY":{
        "p":0.9836711712,
        "r":0.9954415954,
        "f":0.989521382
      },
      "STATE":{
        "p":0.9838556505,
        "r":0.9904397706,
        "f":0.9871367318
      },
      "ZIPCODE":{
        "p":0.9990913221,
        "r":0.9990913221,
        "f":0.9990913221
      }
    },
    "tok2vec_loss":416.2191615275,
    "ner_loss":508.6347392473
  }
}