{
  "lang":"en",
  "name":"pipeline",
  "version":"0.0.0",
  "spacy_version":">=3.2.2,<3.3.0",
  "description":"",
  "author":"",
  "email":"",
  "url":"",
  "license":"",
  "spacy_git_version":"bbaf41fb3",
  "vectors":{
    "width":0,
    "vectors":0,
    "keys":0,
    "name":null,
    "mode":"default"
  },
  "labels":{
    "tok2vec":[

    ],
    "ner":[
      "CITY",
      "NUMBER",
      "STATE",
      "STREET",
      "ZIPCODE"
    ]
  },
  "pipeline":[
    "tok2vec",
    "ner"
  ],
  "components":[
    "tok2vec",
    "ner"
  ],
  "disabled":[

  ],
  "performance":{
    "ents_f":0.9957816533,
    "ents_p":0.9949672874,
    "ents_r":0.9965973535,
    "ents_per_type":{
      "NUMBER":{
        "p":0.9981120201,
        "r":1.0,
        "f":0.9990551181
      },
      "STREET":{
        "p":0.9880578253,
        "r":0.9893014475,
        "f":0.9886792453
      },
      "CITY":{
        "p":0.99,
        "r":0.9981096408,
        "f":0.9940382805
      },
      "STATE":{
        "p":0.9987357775,
        "r":0.9974747475,
        "f":0.9981048642
      },
      "ZIPCODE":{
        "p":1.0,
        "r":0.9981120201,
        "f":0.9990551181
      }
    },
    "tok2vec_loss":354.3069036008,
    "ner_loss":115.2606913922
  }
}