{
  "lang":"en",
  "name":"pipeline",
  "version":"0.0.0",
  "spacy_version":">=3.2.2,<3.3.0",
  "description":"",
  "author":"",
  "email":"",
  "url":"",
  "license":"",
  "spacy_git_version":"bbaf41fb3",
  "vectors":{
    "width":0,
    "vectors":0,
    "keys":0,
    "name":null,
    "mode":"default"
  },
  "labels":{
    "tok2vec":[

    ],
    "ner":[
      "CITY",
      "NUMBER",
      "STATE",
      "STREET",
      "ZIPCODE"
    ]
  },
  "pipeline":[
    "tok2vec",
    "ner"
  ],
  "components":[
    "tok2vec",
    "ner"
  ],
  "disabled":[

  ],
  "performance":{
    "ents_f":0.9965376141,
    "ents_p":0.9955974843,
    "ents_r":0.9974795211,
    "ents_per_type":{
      "NUMBER":{
        "p":0.9981120201,
        "r":1.0,
        "f":0.9990551181
      },
      "STREET":{
        "p":0.9905660377,
        "r":0.9911894273,
        "f":0.9908776345
      },
      "CITY":{
        "p":0.99125,
        "r":0.9993698803,
        "f":0.9952933794
      },
      "STATE":{
        "p":0.9987373737,
        "r":0.9987373737,
        "f":0.9987373737
      },
      "ZIPCODE":{
        "p":0.9993698803,
        "r":0.9981120201,
        "f":0.9987405542
      }
    },
    "tok2vec_loss":386.2427393842,
    "ner_loss":141.15745414
  }
}