{
  "lang":"en",
  "name":"pipeline",
  "version":"0.0.0",
  "spacy_version":">=3.2.2,<3.3.0",
  "description":"",
  "author":"",
  "email":"",
  "url":"",
  "license":"",
  "spacy_git_version":"bbaf41fb3",
  "vectors":{
    "width":0,
    "vectors":0,
    "keys":0,
    "name":null,
    "mode":"default"
  },
  "labels":{
    "tok2vec":[

    ],
    "ner":[
      "CITY",
      "NUMBER",
      "STATE",
      "STREET",
      "ZIPCODE"
    ]
  },
  "pipeline":[
    "tok2vec",
    "ner"
  ],
  "components":[
    "tok2vec",
    "ner"
  ],
  "disabled":[

  ],
  "performance":{
    "ents_f":0.9859635442,
    "ents_p":0.9837580237,
    "ents_r":0.9881789762,
    "ents_per_type":{
      "NUMBER":{
        "p":0.9995112414,
        "r":1.0,
        "f":0.999755561
      },
      "STREET":{
        "p":0.956744186,
        "r":0.959869342,
        "f":0.9583042162
      },
      "CITY":{
        "p":0.9880681818,
        "r":0.9908831909,
        "f":0.9894736842
      },
      "STATE":{
        "p":0.9755639098,
        "r":0.9923518164,
        "f":0.9838862559
      },
      "ZIPCODE":{
        "p":1.0,
        "r":0.9986369832,
        "f":0.9993180268
      }
    },
    "tok2vec_loss":230.3933821958,
    "ner_loss":756.1090427213
  }
}