{
  "lang":"en",
  "name":"pipeline",
  "version":"0.0.0",
  "spacy_version":">=3.2.2,<3.3.0",
  "description":"",
  "author":"",
  "email":"",
  "url":"",
  "license":"",
  "spacy_git_version":"bbaf41fb3",
  "vectors":{
    "width":0,
    "vectors":0,
    "keys":0,
    "name":null,
    "mode":"default"
  },
  "labels":{
    "tok2vec":[

    ],
    "ner":[
      "CITY",
      "NUMBER",
      "STATE",
      "STREET",
      "ZIPCODE"
    ]
  },
  "pipeline":[
    "tok2vec",
    "ner"
  ],
  "components":[
    "tok2vec",
    "ner"
  ],
  "disabled":[

  ],
  "performance":{
    "ents_f":0.9988774146,
    "ents_p":0.9989141023,
    "ents_r":0.9988407297,
    "ents_per_type":{
      "NUMBER":{
        "p":0.9999840281,
        "r":1.0,
        "f":0.999992014
      },
      "STREET":{
        "p":0.9969667944,
        "r":0.9966008649,
        "f":0.9967837961
      },
      "CITY":{
        "p":0.9982923715,
        "r":0.9984835909,
        "f":0.998387972
      },
      "STATE":{
        "p":0.9994882293,
        "r":0.9992005884,
        "f":0.9993443881
      },
      "ZIPCODE":{
        "p":0.9998404264,
        "r":0.9999202068,
        "f":0.999880315
      }
    },
    "tok2vec_loss":3156.6708532763,
    "ner_loss":256.9473330455
  }
}